Asobi Asobase - workshop of fun -;Asobi Asobase
Star Blazers [Space Battleship Yamato] 2199;Star Blazers꞉ Space Battleship Yamato 2199
Mobile Suit Gundam 00;Mobile Suit Gundam꞉ 00
Star Wars: Episode I - The Phantom Menace;Star Wars꞉ Episode I - The Phantom Menace
Star Wars: Episode II - Attack of the Clones;Star Wars꞉ Episode II - Attack of the Clones
Star Wars: Episode III - Revenge of the Sith;Star Wars꞉ Episode III - Revenge of the Sith
Star Wars;Star Wars꞉ Episode IV - A New Hope
The Empire Strikes Back;Star Wars꞉ Episode V - The Empire Strikes Back
Return of the Jedi;Star Wars꞉ Episode VI - Return of the Jedi
Star Wars: The Force Awakens;Star Wars꞉ Episode VII - The Force Awakens
Star Wars: The Last Jedi;Star Wars꞉ Episode VIII - The Last Jedi
Star Wars: The Rise of Skywalker;Star Wars꞉ Episode IX - The Rise of Skywalker